Phase,Priority,Task,Estimated Time,Impact,Dependencies,Files to Modify
Phase 1,🔴 Critical,Optimize Haptic Feedback,4-6 hours,"High - 10-15% perf, 20-30% battery",None,"EnhancedTapButton.kt, SettingsScreen.kt"
Phase 1,🔴 Critical,Implement Derived State for Recomposition,8-12 hours,Very High - 30-50% fewer recomps,None,"GameViewModel.kt, all screen files"
Phase 1,🔴 Critical,Optimize JNI Bridge with Delta Updates,12-16 hours,Very High - 40-60% JNI overhead,C++ knowledge required,"GameSimulation.kt, game_simulation.cpp, jni_bridge.cpp"
Phase 1,🔴 Critical,Fix Audio Resource Memory Leaks,4-6 hours,High - Prevent crashes,None,"MusicManager.kt, SoundEffectsManager.kt, AudioManager.kt"
Phase 2,🟠 High,Add Accessibility Support,16-20 hours,Very High - WCAG compliance,Phase 1 complete,"All UI components, MapScreen.kt, StallScreen.kt, etc."
Phase 2,🟠 High,Implement Loading States & Skeleton Screens,8-12 hours,High - Better UX,None,"All screens, create LoadingStates.kt"
Phase 2,🟠 High,Add Responsive Layout System,12-16 hours,High - 30% better tablet UX,None,"All screens, create ResponsiveUtils.kt"
Phase 2,🟠 High,Optimize Animation Performance,8-10 hours,Medium-High - Consistent 60 FPS,Phase 1 complete,"AnimatedComponents.kt, EnhancedTapButton.kt"
Phase 2,🟠 High,Implement Lazy Loading for Map Zones,6-8 hours,Medium - 30-50% faster load,None,MapScreen.kt
Phase 3,🟡 Medium,Fix Material3 Color Contrast,4-6 hours,Medium - Better accessibility,None,"Theme.kt, validate with Material Theme Builder"
Phase 3,🟡 Medium,Optimize Ad Integration UX,6-8 hours,Medium-High - Better revenue,None,"AdsManager.kt, GameViewModel.kt"
Phase 3,🟡 Medium,Add Error States & Recovery,8-10 hours,Medium - Better error handling,Phase 2 complete,"All screens, GameViewModel.kt, GameRepository.kt"
Phase 3,🟡 Medium,Validate Dynamic Font Scaling,4-6 hours,Medium - Accessibility,Phase 2 complete,"Type.kt, test all screens"
Phase 3,🟡 Medium,Optimize Offline Earnings Calculation,6-8 hours,Medium - No startup freeze,Phase 1 JNI fix,"GameSimulation.kt, GameViewModel.kt"
Phase 3,🟡 Medium,Improve Auto-Save Timing,4-6 hours,Low-Medium - Smoother UX,None,GameViewModel.kt
Phase 3,🟡 Medium,Add Navigation Confirmation,4-6 hours,Low-Medium - Prevent data loss,None,"Navigation.kt, all screens"
Phase 4,🟢 Low,Improve Family Spending UI,6-8 hours,Low-Medium - Better UX,Phase 2 complete,FamilyScreen.kt
Phase 4,🟢 Low,Add Haptic Intensity Settings,2-4 hours,Low - User preference,Phase 1 haptic fix,SettingsScreen.kt
Phase 4,🟢 Low,Customize Dark Theme,4-6 hours,Low - Better aesthetics,Phase 3 color fix,Theme.kt
Phase 4,🟢 Low,Add Tutorial/Onboarding,12-16 hours,Medium - Lower churn,All phases complete,"Create TutorialScreen.kt, GameViewModel.kt"
